Kingdom,Phylum,Class,Order,Family,Species,Common Name,State
Animalia,Annelida,Polychaeta,Canalipalpata,Serpulidae,Spirorbis borealis,Sinistral Spiral Tube Worm,Massachusetts
Animalia,Arthropoda,Insecta,Coleoptera,Anthicidae,Stereopalpus vestitus,,Wisconsin
Animalia,Arthropoda,Insecta,Coleoptera,Carabidae,Cicindela sexguttata,Six-spotted Tiger Beetle,Massachusetts
Animalia,Arthropoda,Insecta,Diptera,Calliphoridae,Lucilia sericata,Common Green Bottle Fly,Massachusetts
Animalia,Arthropoda,Insecta,Diptera,Syrphidae,Toxomerus marginatus,,Massachusetts
Animalia,Arthropoda,Insecta,Hemiptera,Cicadellidae,Gyponana octolineata,Eight-lined Leafhopper,Massachusetts
Animalia,Arthropoda,Insecta,Hymenoptera,Apidae,Apis mellifera,European Honey Bee,Massachusetts
Animalia,Arthropoda,Insecta,Hymenoptera,Apidae,Bombus abnormis,,Massachusetts
Animalia,Arthropoda,Insecta,Hymenoptera,Apidae,Bombus impatiens,,Massachusetts
Animalia,Arthropoda,Insecta,Hymenoptera,Formicidae,Lasius alienus,Cornfield Ant,Massachusetts
Animalia,Arthropoda,Insecta,Hymenoptera,Formicidae,Myrmica rubra,European Fire Ant,Massachusetts
Animalia,Arthropoda,Insecta,Hymenoptera,Formicidae,Tetramorium caespitum,Pavement Ant,Massachusetts
Animalia,Arthropoda,Insecta,Hymenoptera,Vespidae,Dolichovespula maculata,Bald Faced Hornet,Wisconsin
Animalia,Arthropoda,Insecta,Hymenoptera,Vespidae,Polistes fuscatus,Native Paper Wasp,Massachusetts
Animalia,Arthropoda,Insecta,Lepidoptera,Acrolophidae,Acrolophus morus,,Massachusetts
Animalia,Arthropoda,Insecta,Lepidoptera,Arctiidae,Pyrrharctia isabella,Isabella Tiger Moth, Banded Woolly Bear,Massachusetts
Animalia,Arthropoda,Insecta,Lepidoptera,Crambidae,Nomophila nearctica,Lucerne Moth,Massachusetts
Animalia,Arthropoda,Insecta,Lepidoptera,Crambidae,Pediasia trisecta,Sod Webworm,Massachusetts
Animalia,Arthropoda,Insecta,Lepidoptera,Crambidae,Udea rubigalis,Celery Leaftier,Massachusetts
Animalia,Arthropoda,Insecta,Lepidoptera,Geometridae,Campaea perlata,Pale Beauty,Massachusetts
Animalia,Arthropoda,Insecta,Lepidoptera,Geometridae,Pleuroprucha asthenaria,Asthene Wave Moth,Massachusetts
Animalia,Arthropoda,Insecta,Lepidoptera,Lycaenidae,Cupido comyntas,Eastern Tailed-Blue,Massachusetts
Animalia,Arthropoda,Insecta,Lepidoptera,Lycaenidae,Lycaena phlaeas,Small Copper,Massachusetts
Animalia,Arthropoda,Insecta,Lepidoptera,Noctuidae,Abagrotis alternata,Greater Red Dart,Massachusetts
Animalia,Arthropoda,Insecta,Lepidoptera,Noctuidae,Agnorisma badinodis,Pale-banded Dart,Massachusetts
Animalia,Arthropoda,Insecta,Lepidoptera,Noctuidae,Agonopterix thelmae,Thelma's Agonopterix Moth,Massachusetts
Animalia,Arthropoda,Insecta,Lepidoptera,Noctuidae,Amphipyra glabella,Smooth Amphipyra,Massachusetts
Animalia,Arthropoda,Insecta,Lepidoptera,Noctuidae,Amphipyra pyramidoides,Copper Underwing,Massachusetts
Animalia,Arthropoda,Insecta,Lepidoptera,Noctuidae,Idia aemula,Common Idia,Massachusetts
Animalia,Arthropoda,Insecta,Lepidoptera,Noctuidae,Idia americalis,American Idia,Massachusetts
Animalia,Arthropoda,Insecta,Lepidoptera,Noctuidae,Phlogophora periculosa,Brown Angle Shades,Massachusetts
Animalia,Arthropoda,Insecta,Lepidoptera,Noctuidae,Spodoptera frugiperda,Fall Armyworm Moth,Massachusetts
Animalia,Arthropoda,Insecta,Lepidoptera,Noctuidae,Sunira bicolorago,Bicolored Sallow,Massachusetts
Animalia,Arthropoda,Insecta,Lepidoptera,Noctuidae,Tetanolita mynesalis,Smoky Tetanolita,Massachusetts
Animalia,Arthropoda,Insecta,Lepidoptera,Noctuidae,Xestia dilucida,Dull Reddish Dart,Massachusetts
Animalia,Arthropoda,Insecta,Lepidoptera,Noctuidae,Zanclognatha marcidilinea,Yellowish Zanclognatha,Massachusetts
Animalia,Arthropoda,Insecta,Lepidoptera,Nymphalidae,Boloria selene,Silver-bordered Fritillary,Wisconsin
Animalia,Arthropoda,Insecta,Lepidoptera,Nymphalidae,Danaus plexippus,Monarch Butterfly,Wisconsin
Animalia,Arthropoda,Insecta,Lepidoptera,Nymphalidae,Junonia coenia,Common Buckeye,Wisconsin
Animalia,Arthropoda,Insecta,Lepidoptera,Nymphalidae,Phyciodes cocyta,Northern Crescent,Wisconsin
Animalia,Arthropoda,Insecta,Lepidoptera,Nymphalidae,Phyciodes tharos,Pearl Crescent,Massachusetts
Animalia,Arthropoda,Insecta,Lepidoptera,Nymphalidae,Phycitodes reliquella,,Massachusetts
Animalia,Arthropoda,Insecta,Lepidoptera,Nymphalidae,Vanessa cardui,Painted Lady,Wisconsin
Animalia,Arthropoda,Insecta,Lepidoptera,Papilionidae,Papilio canadensis,Canadian Tiger Swallowtail,Wisconsin
Animalia,Arthropoda,Insecta,Lepidoptera,Pieridae,Pieris rapae,Cabbage White,Massachusetts
Animalia,Arthropoda,Insecta,Lepidoptera,Tortricidae,Eucosma dorsisignatana,Triangle-backed Eucosma,Massachusetts
Animalia,Arthropoda,Insecta,Lepidoptera,Yponomeutidae,Atteva aurea,Ailanthus Webworm Moth,Massachusetts
Animalia,Arthropoda,Insecta,Neuroptera,Myrmeleontidae,Myrmeleon immaculatus,Ant Lion,Wisconsin
Animalia,Arthropoda,Insecta,Odonata,Libellulidae,Sympetrum vicinum,Autumn Meadowhawk,Massachusetts
Animalia,Arthropoda,Insecta,Orthoptera,Acrididae,Melanoplus femurrubrum,Red-legged Grasshopper,Massachusetts
Animalia,Arthropoda,Malacostraca,Decapoda,Epialtidae,Libinia emarginata,,Massachusetts
Animalia,Arthropoda,Malacostraca,Decapoda,Ocypodidae,Uca pugnax,Atlantic Marsh Fiddler Crab,Massachusetts
Animalia,Arthropoda,Malacostraca,Decapoda,Portunidae,Callinectes sapidus,Blue Crab,Massachusetts
Animalia,Arthropoda,Malacostraca,Decapoda,Varunidae,Hemigrapsus sanguineus,Japanese Shore Crab,Massachusetts
Animalia,Arthropoda,Malacostraca,Isopoda,Armadillidiidae,Armadillidium vulgare,,Massachusetts
Animalia,Arthropoda,Maxillopoda,Sessilia,Balanidae,Balanus balanus,,Massachusetts
Animalia,Chordata,Actinopterygii,Atheriniformes,Atherinopsidae,Menidia menidia,,Massachusetts
Animalia,Chordata,Actinopterygii,Cyprinodontiformes,Cyprinodontidae,Cyprinodon variegatus,Sheepshead Minnow,Massachusetts
Animalia,Chordata,Actinopterygii,Perciformes,Scombridae,Thunnus thynnus,,Massachusetts
Animalia,Chordata,Amphibia,Anura,Bufonidae,Bufo americanus,American Toad,Wisconsin
Animalia,Chordata,Amphibia,Anura,Hylidae,Pseudacris crucifer,Spring Peeper,Massachusetts
Animalia,Chordata,Amphibia,Anura,Ranidae,Lithobates catesbeianus,American Bullfrog,Massachusetts
Animalia,Chordata,Amphibia,Anura,Ranidae,Rana sylvatica,Wood Frog,Massachusetts
Animalia,Chordata,Ascidiacea,Enterogona,Cionidae,Ciona intestinalis,,Massachusetts
Animalia,Chordata,Ascidiacea,Enterogona,Didemnidae,Didemnum albidum,,Massachusetts
Animalia,Chordata,Ascidiacea,Enterogona,Styelidae,Styela clava,,Massachusetts
Animalia,Chordata,Ascidiacea,Pleurogona,Botryllidae,Botryllus schlosseri,,Massachusetts
Animalia,Chordata,Aves,Accipitriformes,Accipitridae,Accipiter cooperii,Cooper's Hawk,Massachusetts
Animalia,Chordata,Aves,Accipitriformes,Accipitridae,Buteo jamaicensis,Red-tailed Hawk,Massachusetts
Animalia,Chordata,Aves,Accipitriformes,Accipitridae,Circus cyaneus,Northern Harrier,Massachusetts
Animalia,Chordata,Aves,Accipitriformes,Cathartidae,Cathartes aura,Turkey Vulture,Massachusetts
Animalia,Chordata,Aves,Accipitriformes,Pandionidae,Pandion haliaetus,Osprey,Massachusetts
Animalia,Chordata,Aves,Anseriformes,Anatidae,Anas platyrhynchos,Mallard,Massachusetts
Animalia,Chordata,Aves,Anseriformes,Anatidae,Branta canadensis,Canada Goose,Massachusetts
Animalia,Chordata,Aves,Anseriformes,Anatidae,Somateria mollissima,Common Eider,Massachusetts
Animalia,Chordata,Aves,Charadriiformes,Laridae,Larus argentatus,European Herring Gull,Massachusetts
Animalia,Chordata,Aves,Charadriiformes,Laridae,Larus atricilla,Laughing Gull,Massachusetts
Animalia,Chordata,Aves,Charadriiformes,Laridae,Larus marinus,Great Black-backed Gull,Massachusetts
Animalia,Chordata,Aves,Charadriiformes,Laridae,Sterna paradisaea,Arctic Tern,Massachusetts
Animalia,Chordata,Aves,Charadriiformes,Stercorariidae,Stercorarius parasiticus,Parasitic Jaeger,Massachusetts
Animalia,Chordata,Aves,Columbiformes,Columbidae,Zenaida macroura,Mourning Dove,Massachusetts
Animalia,Chordata,Aves,Coraciiformes,Alcedinidae,Megaceryle alcyon,Belted Kingfisher,Massachusetts
Animalia,Chordata,Aves,Falconiformes,Falconidae,Falco columbarius,Merlin,Massachusetts
Animalia,Chordata,Aves,Falconiformes,Falconidae,Falco peregrinus,Peregrine Falcon,Massachusetts
Animalia,Chordata,Aves,Falconiformes,Falconidae,Falco sparverius,American Kestrel,Massachusetts
Animalia,Chordata,Aves,Galliformes,Odontophoridae,Colinus virginianus,Northern Bobwhite,Massachusetts
Animalia,Chordata,Aves,Galliformes,Phasianidae,Gallus gallus,Red Junglefowl,Massachusetts
Animalia,Chordata,Aves,Passeriformes,Cardinalidae,Cardinalis cardinalis,Northern Cardinal,Massachusetts
Animalia,Chordata,Aves,Passeriformes,Corvidae,Corvus brachyrhynchos,American Crow,Massachusetts
Animalia,Chordata,Aves,Passeriformes,Corvidae,Cyanocitta cristata,Blue Jay,Massachusetts
Animalia,Chordata,Aves,Passeriformes,Emberizidae,Melospiza melodia,Song Sparrow,Massachusetts
Animalia,Chordata,Aves,Passeriformes,Emberizidae,Passerculus sandwichensis,Savannah Sparrow,Massachusetts
Animalia,Chordata,Aves,Passeriformes,Emberizidae,Pipilo erythrophthalmus,Eastern Towhee,Massachusetts
Animalia,Chordata,Aves,Passeriformes,Emberizidae,Spizella passerina,Chipping Sparrow,Massachusetts
Animalia,Chordata,Aves,Passeriformes,Fringillidae,Carduelis tristis,American Goldfinch,Massachusetts
Animalia,Chordata,Aves,Passeriformes,Fringillidae,Carpodacus mexicanus,House Finch,Massachusetts
Animalia,Chordata,Aves,Passeriformes,Hirundinidae,Tachycineta bicolor,Tree Swallow,Massachusetts
Animalia,Chordata,Aves,Passeriformes,Mimidae,Dumetella carolinensis,Grey Catbird,Massachusetts
Animalia,Chordata,Aves,Passeriformes,Mimidae,Mimus polyglottos,Northern Mockingbird,Massachusetts
Animalia,Chordata,Aves,Passeriformes,Paridae,Baeolophus bicolor,Tufted Titmouse,Massachusetts
Animalia,Chordata,Aves,Passeriformes,Paridae,Poecile atricapillus,Black-capped Chickadee,Massachusetts
Animalia,Chordata,Aves,Passeriformes,Parulidae,Dendroica coronata,Yellow-rumped Warbler,Massachusetts
Animalia,Chordata,Aves,Passeriformes,Parulidae,Dendroica palmarum,Palm Warbler,Massachusetts
Animalia,Chordata,Aves,Passeriformes,Parulidae,Dendroica petechia,Yellow Warbler,Massachusetts
Animalia,Chordata,Aves,Passeriformes,Passeridae,Passer domesticus,House Sparrow,Massachusetts
Animalia,Chordata,Aves,Passeriformes,Sittidae,Sitta carolinensis,White-breasted Nuthatch,Massachusetts
Animalia,Chordata,Aves,Passeriformes,Sturnidae,Sturnus vulgaris,Common Starling,Massachusetts
Animalia,Chordata,Aves,Passeriformes,Troglodytidae,Thryothorus ludovicianus,Carolina Wren,Massachusetts
Animalia,Chordata,Aves,Passeriformes,Turdidae,Sialia sialis,Eastern Bluebird,Massachusetts
Animalia,Chordata,Aves,Passeriformes,Turdidae,Turdus migratorius,American Robin,Massachusetts
Animalia,Chordata,Aves,Passeriformes,Tyrannidae,Sayornis phoebe,Eastern Phoebe,Massachusetts
Animalia,Chordata,Aves,Pelecaniformes,Ardeidae,Butorides virescens,Green Heron,Massachusetts
Animalia,Chordata,Aves,Piciformes,Picidae,Melanerpes carolinus,Red-bellied Woodpecker,Massachusetts
Animalia,Chordata,Aves,Piciformes,Picidae,Picoides pubescens,Downy Woodpecker,Massachusetts
Animalia,Chordata,Aves,Procellariiformes,Hydrobatidae,Oceanites oceanicus,Wilson's Storm-petrel,Massachusetts
Animalia,Chordata,Aves,Suliformes,Phalacrocoracidae,Phalacrocorax auritus,Double-crested Cormorant,Massachusetts
Animalia,Chordata,Aves,Suliformes,Phalacrocoracidae,Phalacrocorax carbo,Great Cormorant,Massachusetts
Animalia,Chordata,Aves,Suliformes,Sulidae,Morus bassanus,Northern Gannet,Massachusetts
Animalia,Chordata,Mammalia,Carnivora,Mephitidae,Mephitis mephitis,Striped Skunk,Massachusetts
Animalia,Chordata,Mammalia,Carnivora,Phocidae,Phoca vitulina,Harbor Seal,Massachusetts
Animalia,Chordata,Mammalia,Cetacea,Balaenopteridae,Megaptera novaeangliae,Humpback Whale,Massachusetts
Animalia,Chordata,Mammalia,Primates,Hominidae,Homo sapiens,Human,Massachusetts
Animalia,Chordata,Mammalia,Rodentia,Sciuridae,Sciurus carolinensis,Eastern Gray Squirrel,Massachusetts
Animalia,Chordata,Mammalia,Rodentia,Sciuridae,Tamias striatus,Eastern Chipmunk,Massachusetts
Animalia,Cnidaria,Anthozoa,Scleractinia,Rhizangiidae,Astrangia poculata,,Massachusetts
Animalia,Ctenophora,Tentaculata,Lobata,Bolinopsidae,Mnemiopsis leidyi,,Massachusetts
Animalia,Echinodermata,Asteroidea,Forcipulatida,Asteriidae,Asterias forbesi,Forbes' Sea Star,Massachusetts
Animalia,Echinodermata,Echinoidea,Arbacioida,Arbaciidae,Arbacia punctulata,,Massachusetts
Animalia,Mollusca,Bivalvia,Mytiloida,Mytilidae,Geukensia demissa,,Massachusetts
Animalia,Mollusca,Bivalvia,Mytiloida,Mytilidae,Mytilus edulis,,Massachusetts
Animalia,Mollusca,Gastropoda,Neogastropoda,Buccinidae,Busycon carica,Knobbed Whelk,Massachusetts
Animalia,Mollusca,Gastropoda,Neogastropoda,Columbellidae,Costoanachis translirata,,Massachusetts
Animalia,Mollusca,Gastropoda,Neogastropoda,Muricidae,Urosalpinx cinerea,Atlantic Oyster Drill,Massachusetts
Animalia,Mollusca,Gastropoda,Neotaenioglossa,Calyptraeidae,Crepidula fornicata,Common Atlantic Slippersnail,Massachusetts
Animalia,Mollusca,Gastropoda,Neotaenioglossa,Littorinidae,Littoraria irrorata,Marsh Periwinkle,Massachusetts
Animalia,Mollusca,Gastropoda,Neotaenioglossa,Littorinidae,Littorina littorea,Common Periwinkle,Massachusetts
Chromista,Ochrophyta,Phaeophyceae,Fucales,Fucaceae,Fucus vesiculosus,,Massachusetts
Chromista,Ochrophyta,Phaeophyceae,Fucales,Sargassaceae,Sargassum filipendula,,Massachusetts
Chromista,Ochrophyta,Phaeophyceae,Tilopteridales,Halosiphonaceae,Halosiphon tomentosum,,Massachusetts
Fungi,Ascomycota,Dothideomycetes,Dothideales,Botryosphaeriaceae,Phyllosticta smilacis,,Massachusetts
Fungi,Ascomycota,Lecanoromycetes,Acarosporales,Acarosporaceae,Acarospora fuscata,,Massachusetts
Fungi,Ascomycota,Lecanoromycetes,Teloschistales,Teloschistaceae,Xanthoria elegans,,Massachusetts
Fungi,Ascomycota,Leotiomycetes,Helotiales,Dermateaceae,Mollisia cinerea,,Massachusetts
Fungi,Ascomycota,Leotiomycetes,Helotiales,Geoglossaceae,Trichoglossum walteri,,Massachusetts
Fungi,Ascomycota,Sordariomycetes,Hypocreales,Hypocreaceae,Hypomyces chrysospermus,,Massachusetts
Fungi,Basidiomycota,Agaricomycetes,Agaricales,Agaricaceae,Coprinus truncorum,,Massachusetts
Fungi,Basidiomycota,Agaricomycetes,Agaricales,Agaricaceae,Lycoperdon marginatum,,Massachusetts
Fungi,Basidiomycota,Agaricomycetes,Agaricales,Amanitaceae,Amanita aestivalis,,Massachusetts
Fungi,Basidiomycota,Agaricomycetes,Agaricales,Amanitaceae,Amanita amerifulva,,Massachusetts
Fungi,Basidiomycota,Agaricomycetes,Agaricales,Amanitaceae,Amanita amerirubescens,,Massachusetts
Fungi,Basidiomycota,Agaricomycetes,Agaricales,Amanitaceae,Amanita brunescens,,Massachusetts
Fungi,Basidiomycota,Agaricomycetes,Agaricales,Amanitaceae,Amanita citrinia,,Massachusetts
Fungi,Basidiomycota,Agaricomycetes,Agaricales,Amanitaceae,Amanita crenulata,,Massachusetts
Fungi,Basidiomycota,Agaricomycetes,Agaricales,Amanitaceae,Amanita falvoconia,,Massachusetts
Fungi,Basidiomycota,Agaricomycetes,Agaricales,Amanitaceae,Amanita flavorubens,,Massachusetts
Fungi,Basidiomycota,Agaricomycetes,Agaricales,Amanitaceae,Amanita fulva,,Massachusetts
Fungi,Basidiomycota,Agaricomycetes,Agaricales,Amanitaceae,Amanita solaneolens,,Massachusetts
Fungi,Basidiomycota,Agaricomycetes,Agaricales,Amanitaceae,Amanita tuberosa,,Massachusetts
Fungi,Basidiomycota,Agaricomycetes,Agaricales,Amanitaceae,Amanita virginiana,,Massachusetts
Fungi,Basidiomycota,Agaricomycetes,Agaricales,Cortinariaceae,Cortinarius alboviolaceus,,Massachusetts
Fungi,Basidiomycota,Agaricomycetes,Agaricales,Cortinariaceae,Cortinarius corrugatus,,Massachusetts
Fungi,Basidiomycota,Agaricomycetes,Agaricales,Cortinariaceae,Cortinarius iodes,,Massachusetts
Fungi,Basidiomycota,Agaricomycetes,Agaricales,Cortinariaceae,Cortinarius purpurascens,,Massachusetts
Fungi,Basidiomycota,Agaricomycetes,Agaricales,Cortinariaceae,Cortinarius semisanguineus,,Massachusetts
Fungi,Basidiomycota,Agaricomycetes,Agaricales,Entolomataceae,Inocephalus quadratus,,Massachusetts
Fungi,Basidiomycota,Agaricomycetes,Agaricales,Fistulinaceae,Fistulina hepatica,,Massachusetts
Fungi,Basidiomycota,Agaricomycetes,Agaricales,Hydnangiaceae,Laccaria laccata,,Massachusetts
Fungi,Basidiomycota,Agaricomycetes,Agaricales,Hygrophoraceae,Humidicutis marginata,,Massachusetts
Fungi,Basidiomycota,Agaricomycetes,Agaricales,Lyophyllaceae,Lyophyllum decastes,,Massachusetts
Fungi,Basidiomycota,Agaricomycetes,Agaricales,Marasmiaceae,Gymnopus dryophilus,,Massachusetts
Fungi,Basidiomycota,Agaricomycetes,Agaricales,Marasmiaceae,Gymnopus spongiosus,,Massachusetts
Fungi,Basidiomycota,Agaricomycetes,Agaricales,Mycenaceae,Mycena galericulata,,Massachusetts
Fungi,Basidiomycota,Agaricomycetes,Agaricales,Mycenaceae,Mycena haematopus,,Massachusetts
Fungi,Basidiomycota,Agaricomycetes,Agaricales,Mycenaceae,Panellus stypticus,,Massachusetts
Fungi,Basidiomycota,Agaricomycetes,Agaricales,Physalacriaceae,Armillaria gallica,,Massachusetts
Fungi,Basidiomycota,Agaricomycetes,Agaricales,Physalacriaceae,Armillaria mellea,,Massachusetts
Fungi,Basidiomycota,Agaricomycetes,Agaricales,Physalacriaceae,Armillaria tabescens,,Massachusetts
Fungi,Basidiomycota,Agaricomycetes,Agaricales,Pleurotaceae,Pleurotus ostreatus,,Massachusetts
Fungi,Basidiomycota,Agaricomycetes,Agaricales,Pleurotaceae,Pleurotus pulmonarius,,Massachusetts
Fungi,Basidiomycota,Agaricomycetes,Agaricales,Psathyrellaceae,Coprinellus truncorum,,Massachusetts
Fungi,Basidiomycota,Agaricomycetes,Agaricales,Tricholomataceae,Collybia tuberosa,,Massachusetts
Fungi,Basidiomycota,Agaricomycetes,Agaricales,Tricholomataceae,Tricholoma caligatum,,Massachusetts
Fungi,Basidiomycota,Agaricomycetes,Agaricales,Tricholomataceae,Tricholoma davisiae,,Massachusetts
Fungi,Basidiomycota,Agaricomycetes,Boletales,Bankeraceae,Hydnellum scorbiculatum,,Massachusetts
Fungi,Basidiomycota,Agaricomycetes,Boletales,Boletaceae,Boletus bicolor,,Massachusetts
Fungi,Basidiomycota,Agaricomycetes,Boletales,Boletaceae,Leccinum aurantiacum,,Massachusetts
Fungi,Basidiomycota,Agaricomycetes,Boletales,Boletaceae,Pseudoboletus parasiticus,,Massachusetts
Fungi,Basidiomycota,Agaricomycetes,Boletales,Boletaceae,Strobilomyces confusus,,Massachusetts
Fungi,Basidiomycota,Agaricomycetes,Boletales,Boletaceae,Strobilomyces floccopus,,Massachusetts
Fungi,Basidiomycota,Agaricomycetes,Boletales,Boletaceae,Strobilomyces strobilaceus,Old Man of the Woods,Massachusetts
Fungi,Basidiomycota,Agaricomycetes,Boletales,Boletaceae,Tylopilus ballouii,,Massachusetts
Fungi,Basidiomycota,Agaricomycetes,Boletales,Boletaceae,Tylopilus chromipes,,Massachusetts
Fungi,Basidiomycota,Agaricomycetes,Boletales,Boletaceae,Tylopilus felleus,,Massachusetts
Fungi,Basidiomycota,Agaricomycetes,Boletales,Paxillaceae,Gyrodon castaneus,,Massachusetts
Fungi,Basidiomycota,Agaricomycetes,Boletales,Sclerodermataceae,Scleroderma cepa,,Massachusetts
Fungi,Basidiomycota,Agaricomycetes,Boletales,Sclerodermataceae,Scleroderma citrinum,,Massachusetts
Fungi,Basidiomycota,Agaricomycetes,Boletales,Suillaceae,Suillus salmonicolor,,Massachusetts
Fungi,Basidiomycota,Agaricomycetes,Boletales,Tapinellaceae,Tapinella atrotomentosa,,Massachusetts
Fungi,Basidiomycota,Agaricomycetes,Cantharellales,Cantharellaceae,Cantharellus cinnabarinus,,Massachusetts
Fungi,Basidiomycota,Agaricomycetes,Cantharellales,Cantharellaceae,Craterellus cornucopiodes,,Massachusetts
Fungi,Basidiomycota,Agaricomycetes,Hymenochaetales,Hymenochaetaceae,Hymenochaete olivaceum,,Massachusetts
Fungi,Basidiomycota,Agaricomycetes,Polyporales,Fomitopsidaceae,Laetiporus sulphureus,,Massachusetts
Fungi,Basidiomycota,Agaricomycetes,Polyporales,Fomitopsidaceae,Oligoporus fragilis,,Massachusetts
Fungi,Basidiomycota,Agaricomycetes,Polyporales,Fomitopsidaceae,Phaeolus schweinitzii,,Massachusetts
Fungi,Basidiomycota,Agaricomycetes,Polyporales,Meripilaceae,Grifola frondosa,,Massachusetts
Fungi,Basidiomycota,Agaricomycetes,Polyporales,Meripilaceae,Meripilus sumstinei,,Massachusetts
Fungi,Basidiomycota,Agaricomycetes,Polyporales,Polyporaceae,Trametes pubescens,,Massachusetts
Fungi,Basidiomycota,Agaricomycetes,Polyporales,Polyporaceae,Trametes versicolor,,Massachusetts
Fungi,Basidiomycota,Agaricomycetes,Polyporales,Polyporaceae,Trichaptum biforme,,Massachusetts
Fungi,Basidiomycota,Agaricomycetes,Russulales,Russulaceae,Lactarius chrysorrheus,,Massachusetts
Fungi,Basidiomycota,Agaricomycetes,Russulales,Russulaceae,Lactarius imperleptus,,Massachusetts
Fungi,Basidiomycota,Agaricomycetes,Russulales,Russulaceae,Lactarius piperatus,,Massachusetts
Fungi,Basidiomycota,Agaricomycetes,Russulales,Russulaceae,Lactarius quietus,,Massachusetts
Fungi,Basidiomycota,Agaricomycetes,Russulales,Russulaceae,Lactarius rimusellus,,Massachusetts
Fungi,Basidiomycota,Agaricomycetes,Russulales,Russulaceae,Lactarius subvellereus,,Massachusetts
Fungi,Basidiomycota,Agaricomycetes,Russulales,Russulaceae,Russula compacta,,Massachusetts
Fungi,Basidiomycota,Agaricomycetes,Russulales,Russulaceae,Russula disimulans,,Massachusetts
Fungi,Basidiomycota,Agaricomycetes,Russulales,Russulaceae,Russula mariae,,Massachusetts
Fungi,Basidiomycota,Agaricomycetes,Russulales,Russulaceae,Russula mutabilis,,Massachusetts
Fungi,Basidiomycota,Agaricomycetes,Russulales,Russulaceae,Russula variata,,Massachusetts
Fungi,Basidiomycota,Agaricomycetes,Russulales,Stereaceae,Stereum complicatum,,Massachusetts
Fungi,Basidiomycota,Agaricomycetes,Russulales,Stereaceae,Stereum ostrea,,Massachusetts
Fungi,Basidiomycota,Agaricomycetes,Thelephorales,Bankeraceae,Sarcodon scabrosus,,Massachusetts
Fungi,Basidiomycota,Pucciniomycetes,Pucciniales,Pucciniaceae,Puccinia eriophori,,Massachusetts
Fungi,Basidiomycota,Pucciniomycetes,Pucciniales,Pucciniaceae,Puccinia glechomatis,,Massachusetts
Plantae,Bryophyta,Bryopsida,Dicranales,Dicranaceae,Dicranum bonjeanii,Bonjean's Dicranum Moss,Massachusetts
Plantae,Bryophyta,Bryopsida,Dicranales,Dicranaceae,Dicranum scoparium,Dicranum Moss,Massachusetts
Plantae,Bryophyta,Bryopsida,Hypnales,Hylocomiaceae,Pleurozium schreberi,Schreber's Big Red Stem Moss,Massachusetts
Plantae,Bryophyta,Polytrichopsida,Polytrichales,Polytrichaceae,Polytrichum commune,Polytrichum Moss,Massachusetts
Plantae,Bryophyta,Sphagnopsida,Sphagnales,Sphagnaceae,Sphagnum fimbriatum,Sphagnum,Massachusetts
Plantae,Bryophyta,Sphagnopsida,Sphagnales,Sphagnaceae,Sphagnum papillosum,Papillose Sphagnum,Massachusetts
Plantae,Chlorophyta,Bryopsidophyceae,Bryopsidales,Codiaceae,Codium fragile,,Massachusetts
Plantae,Chlorophyta,Ulvophyceae,Ulvales,Ulvaceae,Ulva intestinalis,,Massachusetts
Plantae,Ginkgophyta,Ginkgoopsida,Ginkgoales,Ginkgoaceae,Ginkgo biloba,Ginkgo,Massachusetts
Plantae,Magnoliophyta,Liliopsida,Alismatales,Zosteraceae,Zostera marina,Seawrack,Massachusetts
Plantae,Magnoliophyta,Liliopsida,Asparagales,Orchidaceae,Cypripedium acaule,Moccasin Flower,Massachusetts
Plantae,Magnoliophyta,Liliopsida,Commelinales,Commelinaceae,Commelina communis,Asiatic Dayflower,Massachusetts
Plantae,Magnoliophyta,Liliopsida,Commelinales,Pontederiaceae,Eichhornia crassipes,Common Water Hyacinth,Massachusetts
Plantae,Magnoliophyta,Liliopsida,Liliales,Liliaceae,Maianthemum canadense,Canada Mayflower,Massachusetts
Plantae,Magnoliophyta,Liliopsida,Liliales,Liliaceae,Maianthemum racemosum,Feathery False Lily Of The Valley,Massachusetts
Plantae,Magnoliophyta,Liliopsida,Liliales,Smilacaceae,Smilax glauca,Cat Greenbrier,Massachusetts
Plantae,Magnoliophyta,Liliopsida,Liliales,Smilacaceae,Smilax rotundifolia,Roundleaf Greenbrier,Massachusetts
Plantae,Magnoliophyta,Liliopsida,Poales,Cyperaceae,Carex pensylvanica,Pennsylvania Sedge,Massachusetts
Plantae,Magnoliophyta,Liliopsida,Poales,Cyperaceae,Cyperus esculentus,Yellow Nutsedge,Massachusetts
Plantae,Magnoliophyta,Liliopsida,Poales,Cyperaceae,Scirpus cyperinus,Woolgrass,Massachusetts
Plantae,Magnoliophyta,Liliopsida,Poales,Juncaceae,Juncus gerardii,Saltmeadow Rush,Massachusetts
Plantae,Magnoliophyta,Liliopsida,Poales,Juncaceae,Juncus tenuis,Poverty Rush,Massachusetts
Plantae,Magnoliophyta,Liliopsida,Poales,Juncaceae,Luzula banksiana,,Massachusetts
Plantae,Magnoliophyta,Liliopsida,Poales,Juncaceae,Luzula luzuloides,Oakforest Woodrush,Massachusetts
Plantae,Magnoliophyta,Liliopsida,Poales,Poaceae,Dichanthelium clandestinum,Deertongue,Massachusetts
Plantae,Magnoliophyta,Liliopsida,Poales,Poaceae,Digitaria sanguinalis,Hairy Crabgrass,Massachusetts
Plantae,Magnoliophyta,Liliopsida,Poales,Poaceae,Distichlis spicata,Saltgrass,Massachusetts
Plantae,Magnoliophyta,Liliopsida,Poales,Poaceae,Eragrostis spectabilis,Purple Lovegrass,Massachusetts
Plantae,Magnoliophyta,Liliopsida,Poales,Poaceae,Festuca filiformis,Fineleaf Sheep Fescue,Massachusetts
Plantae,Magnoliophyta,Liliopsida,Poales,Poaceae,Festuca rubra,Red Fescue,Massachusetts
Plantae,Magnoliophyta,Liliopsida,Poales,Poaceae,Holcus lanatus,Common Velvetgrass,Massachusetts
Plantae,Magnoliophyta,Liliopsida,Poales,Poaceae,Leymus mollis,American Dunegrass,Massachusetts
Plantae,Magnoliophyta,Liliopsida,Poales,Poaceae,Panicum virgatum,Switchgrass,Massachusetts
Plantae,Magnoliophyta,Liliopsida,Poales,Poaceae,Phragmites australis,Common Reed,Massachusetts
Plantae,Magnoliophyta,Liliopsida,Poales,Poaceae,Schizachyrium scoparium,Little Bluestem,Massachusetts
Plantae,Magnoliophyta,Liliopsida,Poales,Poaceae,Setaria parviflora,Marsh Bristlegrass,Massachusetts
Plantae,Magnoliophyta,Liliopsida,Poales,Poaceae,Spartina alterniflora,Smooth Cordgrass,Massachusetts
Plantae,Magnoliophyta,Liliopsida,Poales,Poaceae,Spartina patens,Saltmeadow Cordgrass,Massachusetts
Plantae,Magnoliophyta,Liliopsida,Poales,Poaceae,Spartina pectinata,Prairie Cordgrass,Massachusetts
Plantae,Magnoliophyta,Liliopsida,Poales,Typhaceae,Typha latifolia,Broadleaf Cattail,Massachusetts
Plantae,Magnoliophyta,Magnoliopsida,Apiales,Apiaceae,Daucus carota,Queen Anne's Lace,Massachusetts
Plantae,Magnoliophyta,Magnoliopsida,Aquifoliales,Aquifoliaceae,Ilex glabra,Inkberry,Massachusetts
Plantae,Magnoliophyta,Magnoliopsida,Aquifoliales,Aquifoliaceae,Ilex verticillata,Common Winterberry,Massachusetts
Plantae,Magnoliophyta,Magnoliopsida,Asterales,Asteraceae,Achillea millefolium,Common Yarrow,Massachusetts
Plantae,Magnoliophyta,Magnoliopsida,Asterales,Asteraceae,Anthemis cotula,Stinking Chamomile,Massachusetts
Plantae,Magnoliophyta,Magnoliopsida,Asterales,Asteraceae,Baccharis halimifolia,Eastern Baccharis,Massachusetts
Plantae,Magnoliophyta,Magnoliopsida,Asterales,Asteraceae,Baccharis pilularis,Coyotebrush,Massachusetts
Plantae,Magnoliophyta,Magnoliopsida,Asterales,Asteraceae,Bidens frondosa,Devil's Beggartick,Massachusetts
Plantae,Magnoliophyta,Magnoliopsida,Asterales,Asteraceae,Centaurea stoebe,Spotted Knapweed,Massachusetts
Plantae,Magnoliophyta,Magnoliopsida,Asterales,Asteraceae,Cichorium intybus,Chicory,Massachusetts
Plantae,Magnoliophyta,Magnoliopsida,Asterales,Asteraceae,Eupatorium hyssopifolium,Hyssopleaf Thoroughwort,Massachusetts
Plantae,Magnoliophyta,Magnoliopsida,Asterales,Asteraceae,Eupatorium perfoliatum,Common Boneset,Massachusetts
Plantae,Magnoliophyta,Magnoliopsida,Asterales,Asteraceae,Eurybia spectabilis,Eastern Showy Aster,Massachusetts
Plantae,Magnoliophyta,Magnoliopsida,Asterales,Asteraceae,Euthamia caroliniana,Slender Goldentop,Massachusetts
Plantae,Magnoliophyta,Magnoliopsida,Asterales,Asteraceae,Euthamia graminifolia,Flat-Top Goldentop,Massachusetts
Plantae,Magnoliophyta,Magnoliopsida,Asterales,Asteraceae,Hypochaeris radicata,Hairy Cat's Ear,Massachusetts
Plantae,Magnoliophyta,Magnoliopsida,Asterales,Asteraceae,Iva frutescens,Jesuit's Bark,Massachusetts
Plantae,Magnoliophyta,Magnoliopsida,Asterales,Asteraceae,Krigia biflora,Twoflower Dwarfdandelion,Massachusetts
Plantae,Magnoliophyta,Magnoliopsida,Asterales,Asteraceae,Lactuca biennis,Tall Blue Lettuce,Massachusetts
Plantae,Magnoliophyta,Magnoliopsida,Asterales,Asteraceae,Leontodon autumnalis,Fall Dandelion,Massachusetts
Plantae,Magnoliophyta,Magnoliopsida,Asterales,Asteraceae,Pluchea odorata,Sweetscent,Massachusetts
Plantae,Magnoliophyta,Magnoliopsida,Asterales,Asteraceae,Prenanthes trifoliolata,Gall Of The Earth,Massachusetts
Plantae,Magnoliophyta,Magnoliopsida,Asterales,Asteraceae,Pseudognaphalium obtusifolium,Rabbit-Tobacco,Massachusetts
Plantae,Magnoliophyta,Magnoliopsida,Asterales,Asteraceae,Rudbeckia hirta,Blackeyed Susan,Massachusetts
Plantae,Magnoliophyta,Magnoliopsida,Asterales,Asteraceae,Sericocarpus asteroides,Toothed Whitetop Aster,Massachusetts
Plantae,Magnoliophyta,Magnoliopsida,Asterales,Asteraceae,Solidago canadensis,Canada Goldenrod,Massachusetts
Plantae,Magnoliophyta,Magnoliopsida,Asterales,Asteraceae,Solidago nemoralis,Gray Goldenrod,Massachusetts
Plantae,Magnoliophyta,Magnoliopsida,Asterales,Asteraceae,Solidago odora,Anisescented Goldenrod,Massachusetts
Plantae,Magnoliophyta,Magnoliopsida,Asterales,Asteraceae,Solidago puberula,Downy Goldenrod,Massachusetts
Plantae,Magnoliophyta,Magnoliopsida,Asterales,Asteraceae,Solidago rugosa,Wrinkleleaf Goldenrod,Massachusetts
Plantae,Magnoliophyta,Magnoliopsida,Asterales,Asteraceae,Solidago sempervirens,Seaside Goldenrod,Massachusetts
Plantae,Magnoliophyta,Magnoliopsida,Asterales,Asteraceae,Solidago uliginosa,Bog Goldenrod,Massachusetts
Plantae,Magnoliophyta,Magnoliopsida,Asterales,Asteraceae,Symphyotrichum dumosum,Rice Button Aster,Massachusetts
Plantae,Magnoliophyta,Magnoliopsida,Asterales,Asteraceae,Symphyotrichum ericoides,White Heath Aster,Massachusetts
Plantae,Magnoliophyta,Magnoliopsida,Asterales,Asteraceae,Symphyotrichum laeve,Smooth Blue Aster,Massachusetts
Plantae,Magnoliophyta,Magnoliopsida,Asterales,Asteraceae,Symphyotrichum novi-belgii,New York Aster,Massachusetts
Plantae,Magnoliophyta,Magnoliopsida,Asterales,Asteraceae,Symphyotrichum pilosum,Hairy White Oldfield Aster,Massachusetts
Plantae,Magnoliophyta,Magnoliopsida,Asterales,Asteraceae,Symphyotrichum tenuifolium,Perennial Saltmarsh Aster,Massachusetts
Plantae,Magnoliophyta,Magnoliopsida,Caryophyllales,Caryophyllaceae,Cerastium glomeratum,Sticky Chickweed,Massachusetts
Plantae,Magnoliophyta,Magnoliopsida,Caryophyllales,Caryophyllaceae,Spergularia salina,Salt Sandspurry,Massachusetts
Plantae,Magnoliophyta,Magnoliopsida,Caryophyllales,Chenopodiaceae,Atriplex patula,Spear Saltbush,Massachusetts
Plantae,Magnoliophyta,Magnoliopsida,Caryophyllales,Chenopodiaceae,Salicornia depressa,Virginia Glasswort,Massachusetts
Plantae,Magnoliophyta,Magnoliopsida,Caryophyllales,Droseraceae,Drosera rotundifolia,Roundleaf Sundew,Massachusetts
Plantae,Magnoliophyta,Magnoliopsida,Caryophyllales,Phytolaccaceae,Phytolacca americana,American Pokeweed,Massachusetts
Plantae,Magnoliophyta,Magnoliopsida,Caryophyllales,Plumbaginaceae,Limonium carolinianum,Lavender Thrift,Massachusetts
Plantae,Magnoliophyta,Magnoliopsida,Caryophyllales,Polygonaceae,Polygonum cuspidatum,Japanese Knotweed,Massachusetts
Plantae,Magnoliophyta,Magnoliopsida,Caryophyllales,Polygonaceae,Polygonum hydropiperoides,Swamp Smartweed,Massachusetts
Plantae,Magnoliophyta,Magnoliopsida,Caryophyllales,Polygonaceae,Polygonum persicaria,Spotted Ladysthumb,Massachusetts
Plantae,Magnoliophyta,Magnoliopsida,Caryophyllales,Polygonaceae,Polygonum scandens,Climbing False Buckwheat,Massachusetts
Plantae,Magnoliophyta,Magnoliopsida,Celastrales,Celastraceae,Celastrus orbiculatus,Oriental Bittersweet,Massachusetts
Plantae,Magnoliophyta,Magnoliopsida,Cornales,Cornaceae,Cornus florida,Flowering Dogwood,Massachusetts
Plantae,Magnoliophyta,Magnoliopsida,Cornales,Cornaceae,Nyssa sylvatica,Blackgum,Massachusetts
Plantae,Magnoliophyta,Magnoliopsida,Dipsacales,Caprifoliaceae,Lonicera japonica,Japanese Honeysuckle,Massachusetts
Plantae,Magnoliophyta,Magnoliopsida,Dipsacales,Caprifoliaceae,Lonicera morrowii,Morrow's Honeysuckle,Massachusetts
Plantae,Magnoliophyta,Magnoliopsida,Dipsacales,Caprifoliaceae,Sambucus nigra,American Black Elderberry,Massachusetts
Plantae,Magnoliophyta,Magnoliopsida,Dipsacales,Caprifoliaceae,Viburnum dentatum,Southern Arrowwood,Massachusetts
Plantae,Magnoliophyta,Magnoliopsida,Dipsacales,Caprifoliaceae,Viburnum nudum,Possumhaw,Massachusetts
Plantae,Magnoliophyta,Magnoliopsida,Ericales,Balsaminaceae,Impatiens capensis,Jewelweed,Massachusetts
Plantae,Magnoliophyta,Magnoliopsida,Ericales,Clethraceae,Clethra alnifolia,Coastal Sweetpepperbush,Massachusetts
Plantae,Magnoliophyta,Magnoliopsida,Ericales,Ericaceae,Arctostaphylos uva-ursi,Kinnikinnick, Bearberry,Massachusetts
Plantae,Magnoliophyta,Magnoliopsida,Ericales,Ericaceae,Chamaedaphne calyculata,Leatherleaf,Massachusetts
Plantae,Magnoliophyta,Magnoliopsida,Ericales,Ericaceae,Epigaea repens,Trailing Arbutus,Massachusetts
Plantae,Magnoliophyta,Magnoliopsida,Ericales,Ericaceae,Gaultheria procumbens,Eastern Teaberry,Massachusetts
Plantae,Magnoliophyta,Magnoliopsida,Ericales,Ericaceae,Gaylussacia baccata,Black Huckleberry,Massachusetts
Plantae,Magnoliophyta,Magnoliopsida,Ericales,Ericaceae,Kalmia angustifolia,Sheep Laurel,Massachusetts
Plantae,Magnoliophyta,Magnoliopsida,Ericales,Ericaceae,Kalmia latifolia,Mountain Laurel,Massachusetts
Plantae,Magnoliophyta,Magnoliopsida,Ericales,Ericaceae,Rhododendron viscosum,Swamp Azalea,Massachusetts
Plantae,Magnoliophyta,Magnoliopsida,Ericales,Ericaceae,Vaccinium angustifolium,Lowbush Blueberry,Massachusetts
Plantae,Magnoliophyta,Magnoliopsida,Ericales,Ericaceae,Vaccinium corymbosum,Highbush Blueberry,Massachusetts
Plantae,Magnoliophyta,Magnoliopsida,Ericales,Ericaceae,Vaccinium macrocarpon,Cranberry,Massachusetts
Plantae,Magnoliophyta,Magnoliopsida,Ericales,Ericaceae,Vaccinium pallidum,Blue Ridge Blueberry,Massachusetts
Plantae,Magnoliophyta,Magnoliopsida,Ericales,Monotropaceae,Monotropa uniflora,Indianpipe,Massachusetts
Plantae,Magnoliophyta,Magnoliopsida,Ericales,Primulaceae,Trientalis borealis,Starflower,Massachusetts
Plantae,Magnoliophyta,Magnoliopsida,Ericales,Pyrolaceae,Chimaphila maculata,Striped Prince's Pine,Massachusetts
Plantae,Magnoliophyta,Magnoliopsida,Ericales,Pyrolaceae,Chimaphila umbellata,Pipsissewa,Massachusetts
Plantae,Magnoliophyta,Magnoliopsida,Fabales,Fabaceae,Apios americana,Groundnut,Massachusetts
Plantae,Magnoliophyta,Magnoliopsida,Fabales,Fabaceae,Baptisia tinctoria,Horseflyweed,Massachusetts
Plantae,Magnoliophyta,Magnoliopsida,Fabales,Fabaceae,Desmodium paniculatum,Panicledleaf Ticktrefoil,Massachusetts
Plantae,Magnoliophyta,Magnoliopsida,Fabales,Fabaceae,Gleditsia triacanthos,Honeylocust,Massachusetts
Plantae,Magnoliophyta,Magnoliopsida,Fabales,Fabaceae,Lathyrus japonicus,Beach Pea,Massachusetts
Plantae,Magnoliophyta,Magnoliopsida,Fabales,Fabaceae,Lathyrus latifolius,Perennial Pea,Massachusetts
Plantae,Magnoliophyta,Magnoliopsida,Fabales,Fabaceae,Lathyrus sylvestris,Flat Pea,Massachusetts
Plantae,Magnoliophyta,Magnoliopsida,Fabales,Fabaceae,Lespedeza angustifolia,Narrowleaf Lespedeza,Massachusetts
Plantae,Magnoliophyta,Magnoliopsida,Fabales,Fabaceae,Lespedeza capitata,Roundhead Lespedeza,Massachusetts
Plantae,Magnoliophyta,Magnoliopsida,Fabales,Fabaceae,Securigera varia,Crownvetch,Massachusetts
Plantae,Magnoliophyta,Magnoliopsida,Fabales,Fabaceae,Trifolium repens,White Clover,Massachusetts
Plantae,Magnoliophyta,Magnoliopsida,Fabales,Polygalaceae,Polygala cruciata,Drumheads,Massachusetts
Plantae,Magnoliophyta,Magnoliopsida,Fabales,Polygalaceae,Polygala nuttallii,Nuttall's Milkwort,Massachusetts
Plantae,Magnoliophyta,Magnoliopsida,Fagales,Betulaceae,Alnus glutinosa,European Alder,Massachusetts
Plantae,Magnoliophyta,Magnoliopsida,Fagales,Betulaceae,Betula pendula,European White Birch,Massachusetts
Plantae,Magnoliophyta,Magnoliopsida,Fagales,Betulaceae,Corylus cornuta,Beaked Hazelnut,Massachusetts
Plantae,Magnoliophyta,Magnoliopsida,Fagales,Fagaceae,Fagus grandifolia,American Beech,Massachusetts
Plantae,Magnoliophyta,Magnoliopsida,Fagales,Fagaceae,Quercus alba,White Oak,Massachusetts
Plantae,Magnoliophyta,Magnoliopsida,Fagales,Fagaceae,Quercus coccinea,Scarlet Oak,Massachusetts
Plantae,Magnoliophyta,Magnoliopsida,Fagales,Fagaceae,Quercus ilicifolia,Bear Oak,Massachusetts
Plantae,Magnoliophyta,Magnoliopsida,Fagales,Fagaceae,Quercus prinoides,Dwarf Chinkapin Oak,Massachusetts
Plantae,Magnoliophyta,Magnoliopsida,Fagales,Fagaceae,Quercus rubra,Northern Red Oak,Massachusetts
Plantae,Magnoliophyta,Magnoliopsida,Fagales,Fagaceae,Quercus velutina,Black Oak,Massachusetts
Plantae,Magnoliophyta,Magnoliopsida,Fagales,Myricaceae,Comptonia peregrina,Sweet Fern,Massachusetts
Plantae,Magnoliophyta,Magnoliopsida,Fagales,Myricaceae,Morella cerifera,Wax Myrtle,Massachusetts
Plantae,Magnoliophyta,Magnoliopsida,Fagales,Myricaceae,Morella pensylvanica,Northern Bayberry,Massachusetts
Plantae,Magnoliophyta,Magnoliopsida,Gentianales,Asclepiadaceae,Asclepias syriaca,Common Milkweed,Massachusetts
Plantae,Magnoliophyta,Magnoliopsida,Gentianales,Asclepiadaceae,Asclepias tuberosa,Butterfly Milkweed,Massachusetts
Plantae,Magnoliophyta,Magnoliopsida,Gentianales,Asclepiadaceae,Cynanchum louiseae,Louise's Swallow-Wort,Massachusetts
Plantae,Magnoliophyta,Magnoliopsida,Gentianales,Gentianaceae,Bartonia virginica,Yellow Screwstem,Massachusetts
Plantae,Magnoliophyta,Magnoliopsida,Gentianales,Rubiaceae,Galium aparine,Stickywilly,Massachusetts
Plantae,Magnoliophyta,Magnoliopsida,Lamiales,Lamiaceae,Prunella vulgaris,Common Selfheal,Massachusetts
Plantae,Magnoliophyta,Magnoliopsida,Lamiales,Lamiaceae,Pycnanthemum muticum,Clustered Mountainmint,Massachusetts
Plantae,Magnoliophyta,Magnoliopsida,Lamiales,Lamiaceae,Pycnanthemum tenuifolium,Narrowleaf Mountainmint,Massachusetts
Plantae,Magnoliophyta,Magnoliopsida,Lamiales,Oleaceae,Ligustrum lucidum,Glossy Privet,Massachusetts
Plantae,Magnoliophyta,Magnoliopsida,Lamiales,Oleaceae,Ligustrum obtusifolium,Border Privet,Massachusetts
Plantae,Magnoliophyta,Magnoliopsida,Lamiales,Oleaceae,Ligustrum vulgare,European Privet,Massachusetts
Plantae,Magnoliophyta,Magnoliopsida,Lamiales,Orobanchaceae,Epifagus virginiana,Beechdrops,Massachusetts
Plantae,Magnoliophyta,Magnoliopsida,Lamiales,Plantaginaceae,Plantago lanceolata,Narrowleaf Plantain,Massachusetts
Plantae,Magnoliophyta,Magnoliopsida,Lamiales,Plantaginaceae,Plantago major,Common Plantain,Massachusetts
Plantae,Magnoliophyta,Magnoliopsida,Lamiales,Plantaginaceae,Plantago maritima,Goose Tongue,Massachusetts
Plantae,Magnoliophyta,Magnoliopsida,Lamiales,Scrophulariaceae,Agalinis acuta,Sandplain False Foxglove,Massachusetts
Plantae,Magnoliophyta,Magnoliopsida,Lamiales,Scrophulariaceae,Linaria vulgaris,Butter And Eggs,Massachusetts
Plantae,Magnoliophyta,Magnoliopsida,Lamiales,Scrophulariaceae,Verbascum thapsus,Common Mullein,Massachusetts
Plantae,Magnoliophyta,Magnoliopsida,Laurales,Lauraceae,Sassafras albidum,Sassafras,Massachusetts
Plantae,Magnoliophyta,Magnoliopsida,Malpighiales,Clusiaceae,Hypericum mutilum,Dwarf St. Johnswort,Massachusetts
Plantae,Magnoliophyta,Magnoliopsida,Malpighiales,Clusiaceae,Hypericum perforatum,Common St. Johnswort,Massachusetts
Plantae,Magnoliophyta,Magnoliopsida,Malpighiales,Clusiaceae,Triadenum virginicum,Virginia Marsh St. Johnswort,Massachusetts
Plantae,Magnoliophyta,Magnoliopsida,Malpighiales,Euphorbiaceae,Chamaesyce maculata,Spotted Sandmat,Massachusetts
Plantae,Magnoliophyta,Magnoliopsida,Malpighiales,Linaceae,Linum intercursum,Sandplain Flax,Massachusetts
Plantae,Magnoliophyta,Magnoliopsida,Malpighiales,Salicaceae,Populus tremuloides,Quaking Aspen,Massachusetts
Plantae,Magnoliophyta,Magnoliopsida,Malpighiales,Salicaceae,Salix cinerea,Large Gray Willow,Massachusetts
Plantae,Magnoliophyta,Magnoliopsida,Malpighiales,Salicaceae,Salix humilis,Prairie Willow,Massachusetts
Plantae,Magnoliophyta,Magnoliopsida,Malvales,Cistaceae,Helianthemum canadense,Longbranch Frostweed,Massachusetts
Plantae,Magnoliophyta,Magnoliopsida,Malvales,Cistaceae,Lechea tenuifolia,Narrowleaf Pinweed,Massachusetts
Plantae,Magnoliophyta,Magnoliopsida,Malvales,Malvaceae,Hibiscus rosa-sinensis,Shoeblackplant,Massachusetts
Plantae,Magnoliophyta,Magnoliopsida,Myrtales,Lythraceae,Decodon verticillatus,Swamp Loosestrife,Massachusetts
Plantae,Magnoliophyta,Magnoliopsida,Myrtales,Lythraceae,Lythrum salicaria,Purple Loosestrife,Massachusetts
Plantae,Magnoliophyta,Magnoliopsida,Nymphaeales,Nymphaeaceae,Nymphaea odorata,American White Waterlily,Massachusetts
Plantae,Magnoliophyta,Magnoliopsida,Rosales,Elaeagnaceae,Elaeagnus umbellata,Autumn Olive,Massachusetts
Plantae,Magnoliophyta,Magnoliopsida,Rosales,Rhamnaceae,Frangula alnus,Glossy Buckthorn,Massachusetts
Plantae,Magnoliophyta,Magnoliopsida,Rosales,Rosaceae,Fragaria virginiana,Virginia Strawberry,Massachusetts
Plantae,Magnoliophyta,Magnoliopsida,Rosales,Rosaceae,Photinia pyrifolia,Red Chokeberry,Massachusetts
Plantae,Magnoliophyta,Magnoliopsida,Rosales,Rosaceae,Potentilla canadensis,Dwarf Cinquefoil,Massachusetts
Plantae,Magnoliophyta,Magnoliopsida,Rosales,Rosaceae,Prunus caroliniana,Carolina Laurelcherry,Massachusetts
Plantae,Magnoliophyta,Magnoliopsida,Rosales,Rosaceae,Prunus maritima,Beach Plum,Massachusetts
Plantae,Magnoliophyta,Magnoliopsida,Rosales,Rosaceae,Prunus serotina,Black Cherry,Massachusetts
Plantae,Magnoliophyta,Magnoliopsida,Rosales,Rosaceae,Rosa multiflora,Multiflora Rose,Massachusetts
Plantae,Magnoliophyta,Magnoliopsida,Rosales,Rosaceae,Rosa nitida,Shining Rose,Massachusetts
Plantae,Magnoliophyta,Magnoliopsida,Rosales,Rosaceae,Rosa rugosa,Rugosa Rose,Massachusetts
Plantae,Magnoliophyta,Magnoliopsida,Rosales,Rosaceae,Rubus allegheniensis,Allegheny Blackberry,Massachusetts
Plantae,Magnoliophyta,Magnoliopsida,Rosales,Rosaceae,Rubus bifrons,Himalayan Berry,Massachusetts
Plantae,Magnoliophyta,Magnoliopsida,Rosales,Rosaceae,Rubus flagellaris,Northern Dewberry,Massachusetts
Plantae,Magnoliophyta,Magnoliopsida,Rosales,Rosaceae,Rubus pensilvanicus,Pennsylvania Blackberry,Massachusetts
Plantae,Magnoliophyta,Magnoliopsida,Rosales,Ulmaceae,Ulmus pumila,Siberian Elm,Massachusetts
Plantae,Magnoliophyta,Magnoliopsida,Sapindales,Anacardiaceae,Rhus copallinum,Winged Sumac,Massachusetts
Plantae,Magnoliophyta,Magnoliopsida,Sapindales,Anacardiaceae,Rhus typhina,Staghorn Sumac,Massachusetts
Plantae,Magnoliophyta,Magnoliopsida,Sapindales,Anacardiaceae,Toxicodendron radicans,Eastern Poison Ivy,Massachusetts
Plantae,Magnoliophyta,Magnoliopsida,Sapindales,Sapindaceae,Acer pseudoplatanus,Sycamore Maple,Massachusetts
Plantae,Magnoliophyta,Magnoliopsida,Sapindales,Sapindaceae,Acer rubrum,Red Maple,Massachusetts
Plantae,Magnoliophyta,Magnoliopsida,Solanales,Solanaceae,Solanum dulcamara,Climbing Nightshade,Massachusetts
Plantae,Magnoliophyta,Magnoliopsida,Vitales,Vitaceae,Ampelopsis brevipedunculata,Porcelain Berry,Massachusetts
Plantae,Magnoliophyta,Magnoliopsida,Vitales,Vitaceae,Parthenocissus quinquefolia,Virginia Creeper,Massachusetts
Plantae,Magnoliophyta,Magnoliopsida,Vitales,Vitaceae,Parthenocissus vitacea,Woodbine,Massachusetts
Plantae,Magnoliophyta,Magnoliopsida,Vitales,Vitaceae,Vitis aestivalis,Summer Grape,Massachusetts
Plantae,Pinophyta,Pinopsida,Pinales,Cupressaceae,Chamaecyparis thyoides,Atlantic White Cedar,Massachusetts
Plantae,Pinophyta,Pinopsida,Pinales,Cupressaceae,Juniperus virginiana,Eastern Redcedar,Massachusetts
Plantae,Pinophyta,Pinopsida,Pinales,Pinaceae,Pinus rigida,Pitch Pine,Massachusetts
Plantae,Pinophyta,Pinopsida,Pinales,Pinaceae,Pinus strobus,Eastern White Pine,Massachusetts
Plantae,Pinophyta,Pinopsida,Pinales,Taxaceae,Taxus baccata,English Yew,Massachusetts
Plantae,Pteridophyta,Polypodiopsida,Osmundales,Osmundaceae,Osmunda cinnamomea,Cinnamon Fern,Massachusetts
Plantae,Pteridophyta,Polypodiopsida,Polypodiales,Blechnaceae,Woodwardia areolata,Netted Chainfern,Massachusetts
Plantae,Pteridophyta,Polypodiopsida,Polypodiales,Blechnaceae,Woodwardia virginica,Virginia Chainfern,Massachusetts
Plantae,Pteridophyta,Polypodiopsida,Polypodiales,Dennstaedtiaceae,Pteridium aquilinum,Western Brackenfern,Massachusetts
Plantae,Rhodophyta,Florideophyceae,Gigartinales,Gigartinaceae,Chondrus crispus,Irish Moss,Massachusetts
Plantae,Rhodophyta,Florideophyceae,Gigartinales,Petrocelidaceae,Mastocarpus stellatus,Clúimhín Cait,Massachusetts
Plantae,Rhodophyta,Florideophyceae,Gigartinales,Phyllophoraceae,Coccotylus truncatus,,Massachusetts
Plantae,Rhodophyta,Florideophyceae,Rhodymeniales,Champiaceae,Champia parvula,,Massachusetts
Plantae,Rhodophyta,Rhodophyceae,Ceramiales,Dasyaceae,Dasya baillouviana,,Massachusetts
Plantae,Rhodophyta,Rhodophyceae,Ceramiales,Rhodomelaceae,Rhodomela confervoides,,Massachusetts